<?xml version="1.0"?>
<!DOCTYPE hibernate-mapping PUBLIC "-//Hibernate/Hibernate Mapping DTD 3.0//EN"
"http://www.hibernate.org/dtd/hibernate-mapping-3.0.dtd">

<hibernate-mapping>
    <class name="model.User" table="user" catalog="bike_sale_purchase_db" optimistic-lock="version">
        <id name="email" type="string">
            <column name="email" length="20" />
            <generator class="assigned" />
        </id>
        <property name="fullName" type="string">
            <column name="full_name" length="50" not-null="true" />
        </property>
        <property name="password" type="string">
            <column name="password" length="60" not-null="true" />
        </property>
        <property name="tellNo" type="string">
            <column name="tell_no" length="20" />
        </property>
        <property name="role" type="string">
            <column name="role" length="10" not-null="true" />
        </property>
        <set name="bikes" table="bike" inverse="true" lazy="true" fetch="select">
            <key>
                <column name="email" length="20" not-null="true" />
            </key>
            <one-to-many class="model.Bike" />
        </set>
    </class>
</hibernate-mapping>
